,MP,G,PTS,AST,TwoPA,FGA,WS,All_NBA
0,13657.0,516.0,3598.0,518.0,2700.0,2918.0,29.9,0
1,3798.0,245.0,1495.0,548.0,724.0,1396.0,4.9,0
2,11685.0,529.0,5481.0,1687.0,2867.0,4746.0,17.599999999999998,0
3,4958.0,205.0,1981.0,311.0,1195.0,1652.0,10.100000000000001,0
4,3781.0,306.0,1043.0,202.0,837.0,840.0,6.1,0
5,17040.0,695.0,5478.0,1905.0,3736.0,4744.0,38.199999999999996,0
6,11171.0,640.0,3858.0,466.0,2969.0,2984.0,27.499999999999996,0
7,8022.0,472.0,2292.0,313.0,1628.0,1641.0,20.2,0
8,13057.0,732.0,2989.0,344.0,2764.0,2766.0,18.700000000000003,0
9,7775.0,455.0,1868.0,631.0,1554.0,1734.0,16.3,0
10,26635.0,940.0,12603.0,1588.0,8129.0,10761.0,41.2,0
11,21535.0,646.0,9240.0,1926.0,6864.0,7427.0,70.60000000000001,1
12,25815.0,879.0,14091.0,1317.0,12073.0,12136.0,69.39999999999999,1
13,6555.0,223.0,2848.0,281.0,2214.0,2465.0,4.4,0
14,12520.0,520.0,3766.0,639.0,2339.0,3281.0,17.499999999999996,0
15,6793.0,330.0,2421.0,371.0,1121.0,2084.0,7.2,0
16,13780.0,652.0,5094.0,397.0,4189.0,4215.0,28.1,0
17,6618.0,301.0,3034.0,534.0,1955.0,2458.0,9.700000000000001,0
18,5261.0,266.0,1834.0,177.0,1496.0,1518.0,7.9,0
19,3640.0,269.0,1439.0,135.0,1167.0,1182.0,7.300000000000001,0
20,26792.0,760.0,13883.0,1890.0,8216.0,11346.0,56.400000000000006,0
21,5142.0,226.0,1878.0,237.0,825.0,1511.0,9.8,0
22,34542.0,836.0,22723.0,5143.0,15422.0,18629.0,93.49999999999997,6
23,8775.0,386.0,2669.0,430.0,1671.0,2230.0,9.5,0
24,20856.0,682.0,11198.0,770.0,7503.0,7587.0,74.89999999999999,1
25,12403.0,447.0,4120.0,1857.0,3246.0,3906.0,21.599999999999998,0
26,25389.0,810.0,15562.0,1013.0,10574.0,10698.0,90.30000000000001,5
27,16623.0,745.0,5559.0,895.0,3823.0,4073.0,50.1,0
28,14865.0,605.0,4503.0,719.0,3444.0,3486.0,46.1,0
29,12462.0,564.0,5706.0,798.0,4762.0,4981.0,19.3,0
30,11439.0,385.0,5120.0,276.0,4024.0,4043.0,36.2,1
31,33834.0,976.0,12683.0,4396.0,7071.0,9776.0,89.1,0
32,36751.0,1174.0,15099.0,7838.0,11282.0,12103.0,94.7,0
33,5614.0,256.0,1162.0,211.0,621.0,1006.0,10.5,0
34,15806.0,550.0,7873.0,653.0,4905.0,6676.0,18.799999999999997,0
35,23916.0,797.0,9431.0,2169.0,5452.0,6637.0,75.39999999999999,0
36,10735.0,461.0,4864.0,554.0,2664.0,4029.0,19.9,0
37,19511.0,670.0,6733.0,1520.0,5499.0,5524.0,49.80000000000001,1
38,10210.0,394.0,4620.0,463.0,3234.0,3243.0,37.0,1
39,9589.0,573.0,2740.0,329.0,2148.0,2150.0,18.900000000000002,0
40,6671.0,282.0,2016.0,191.0,1843.0,1850.0,10.0,0
41,3969.0,275.0,1670.0,123.0,1223.0,1483.0,3.9,0
42,8862.0,245.0,4995.0,523.0,3396.0,4001.0,10.399999999999999,0
43,11146.0,516.0,3247.0,467.0,2407.0,2409.0,30.800000000000008,0
44,19477.0,580.0,8968.0,2902.0,5871.0,7231.0,54.199999999999996,3
45,36827.0,1058.0,19647.0,1729.0,13402.0,16688.0,85.79999999999997,0
46,12031.0,609.0,2983.0,2337.0,2561.0,3013.0,10.600000000000001,0
47,11531.0,335.0,7497.0,590.0,5274.0,5543.0,48.7,2
48,4250.0,208.0,1443.0,639.0,798.0,1230.0,5.6,0
49,14087.0,683.0,4050.0,2089.0,2899.0,3765.0,22.1,0
50,23893.0,622.0,7677.0,2529.0,5517.0,5528.0,70.6,1
51,11571.0,507.0,5058.0,471.0,2310.0,4123.0,22.099999999999998,0
52,13752.0,494.0,4478.0,1129.0,2270.0,3744.0,24.5,0
53,16894.0,690.0,6402.0,1582.0,3706.0,5864.0,25.4,0
54,3714.0,235.0,1754.0,180.0,1370.0,1449.0,6.0,0
55,10114.0,494.0,3125.0,460.0,1015.0,2533.0,18.700000000000003,0
56,6128.0,345.0,2421.0,279.0,2008.0,2019.0,10.4,0
57,30704.0,869.0,15256.0,3099.0,10155.0,14346.0,37.40000000000001,0
58,4658.0,256.0,1316.0,228.0,803.0,1212.0,2.4999999999999996,0
59,19383.0,859.0,6557.0,2887.0,3921.0,5064.0,46.7,0
60,23623.0,799.0,8251.0,941.0,6522.0,6544.0,53.800000000000004,0
61,27547.0,991.0,12089.0,1284.0,9975.0,10035.0,69.2,1
62,10942.0,406.0,4867.0,457.0,3838.0,3847.0,25.4,0
63,4150.0,295.0,1544.0,157.0,1182.0,1189.0,11.7,0
64,19395.0,684.0,7755.0,1328.0,4199.0,6244.0,32.7,0
65,11375.0,470.0,5629.0,964.0,3745.0,4160.0,47.1,0
66,11457.0,656.0,4471.0,624.0,2392.0,3650.0,27.700000000000003,0
67,3483.0,235.0,1289.0,180.0,755.0,1185.0,4.0,0
68,7066.0,312.0,2680.0,658.0,1635.0,2385.0,4.699999999999999,0
69,11619.0,413.0,5008.0,702.0,3157.0,4578.0,14.499999999999998,0
70,19041.0,647.0,6303.0,4093.0,5320.0,5449.0,43.4,0
71,7392.0,312.0,3053.0,1020.0,1750.0,2371.0,19.499999999999996,0
72,26335.0,764.0,12350.0,5493.0,7197.0,10987.0,58.4,1
73,20366.0,744.0,11084.0,1868.0,6171.0,9092.0,33.400000000000006,0
74,7476.0,293.0,2742.0,352.0,1341.0,2384.0,3.9999999999999996,0
75,30458.0,1038.0,5999.0,1345.0,5103.0,5150.0,91.10000000000001,5
76,16291.0,725.0,6358.0,2520.0,4160.0,5372.0,29.300000000000004,0
77,3779.0,298.0,1343.0,165.0,1258.0,1266.0,7.699999999999999,0
78,9657.0,336.0,3598.0,917.0,2948.0,3156.0,13.599999999999998,0
79,11781.0,482.0,3638.0,1897.0,2893.0,3407.0,13.9,0
80,9557.0,447.0,2176.0,189.0,1580.0,1581.0,18.0,0
81,7352.0,264.0,3364.0,352.0,2623.0,2633.0,15.8,0
82,16567.0,471.0,10117.0,1954.0,7279.0,7547.0,62.3,4
83,6970.0,279.0,2690.0,604.0,1916.0,2423.0,4.800000000000001,0
84,19709.0,867.0,4679.0,1400.0,3310.0,3346.0,48.30000000000001,0
85,14890.0,604.0,5455.0,2385.0,3188.0,4455.0,26.200000000000003,0
86,3213.0,223.0,776.0,668.0,542.0,754.0,-0.19999999999999996,0
87,15899.0,709.0,7019.0,1869.0,4502.0,6305.0,29.7,0
88,11691.0,354.0,4431.0,1099.0,2933.0,3792.0,23.8,0
89,11513.0,466.0,4189.0,710.0,2597.0,3552.0,20.2,0
90,13605.0,527.0,6520.0,1134.0,4887.0,5524.0,27.3,0
91,27212.0,1005.0,8684.0,3480.0,5974.0,7287.0,51.3,0
92,5327.0,290.0,2172.0,269.0,927.0,1759.0,8.399999999999999,0
93,21792.0,777.0,8603.0,2221.0,5771.0,6334.0,69.50000000000001,0
94,10774.0,324.0,5728.0,1003.0,3147.0,4808.0,21.9,0
95,5440.0,336.0,2473.0,148.0,1702.0,1711.0,21.3,0
96,16410.0,758.0,6575.0,608.0,5067.0,5125.0,42.9,0
97,15849.0,495.0,7490.0,2929.0,4292.0,6778.0,28.799999999999997,0
98,11592.0,371.0,5673.0,1580.0,3219.0,4904.0,11.600000000000001,0
99,11561.0,326.0,6136.0,1517.0,3924.0,4849.0,37.5,2
100,10564.0,481.0,3250.0,468.0,1561.0,2861.0,11.2,0
101,17939.0,788.0,5312.0,417.0,3840.0,3843.0,41.599999999999994,0
102,23384.0,895.0,8418.0,2871.0,2831.0,6239.0,70.0,0
103,5113.0,285.0,1819.0,869.0,573.0,1313.0,11.999999999999998,0
104,17466.0,688.0,5195.0,4350.0,4627.0,4741.0,32.1,0
105,6477.0,456.0,2108.0,465.0,975.0,1628.0,15.4,0
106,5433.0,390.0,2255.0,246.0,1353.0,1997.0,10.6,0
107,21417.0,756.0,7933.0,923.0,6304.0,6332.0,54.60000000000001,0
108,5070.0,293.0,1999.0,705.0,1186.0,1781.0,7.2,0
109,6772.0,520.0,1594.0,436.0,989.0,1512.0,7.5,0
110,10502.0,535.0,2816.0,1801.0,1863.0,2803.0,9.799999999999999,0
111,10149.0,557.0,2724.0,270.0,2266.0,2271.0,15.4,0
112,18118.0,562.0,10444.0,867.0,7580.0,7998.0,49.7,0
113,23741.0,831.0,5231.0,1073.0,2608.0,4688.0,42.70000000000001,0
114,12071.0,395.0,4945.0,623.0,4181.0,4208.0,13.0,0
115,12699.0,465.0,4576.0,930.0,2760.0,3678.0,21.099999999999998,0
116,3970.0,243.0,1081.0,524.0,692.0,1096.0,2.3,0
117,18684.0,774.0,6329.0,1031.0,3159.0,4993.0,45.400000000000006,0
118,6328.0,267.0,1935.0,194.0,1457.0,1463.0,16.900000000000002,0
119,4862.0,239.0,2147.0,330.0,1026.0,1638.0,10.299999999999999,0
120,7025.0,260.0,4128.0,717.0,2284.0,3415.0,15.6,0
121,14928.0,715.0,7006.0,811.0,3252.0,6047.0,26.3,0
122,12093.0,600.0,4344.0,1485.0,2354.0,3617.0,24.0,0
123,20403.0,760.0,7047.0,1272.0,5870.0,6531.0,22.100000000000005,0
124,3520.0,285.0,911.0,124.0,782.0,790.0,6.4,0
125,4342.0,262.0,1326.0,133.0,1244.0,1255.0,2.1,0
126,9064.0,432.0,4406.0,279.0,3011.0,3035.0,31.0,0
127,9059.0,447.0,3331.0,1432.0,2469.0,2851.0,18.0,0
128,26901.0,861.0,13976.0,1928.0,11207.0,11221.0,80.2,1
129,11580.0,507.0,4115.0,887.0,1813.0,3669.0,22.599999999999998,0
130,5629.0,295.0,2192.0,180.0,1531.0,1654.0,11.0,0
131,33560.0,926.0,22897.0,2917.0,14844.0,18105.0,92.40000000000002,6
132,25882.0,812.0,11421.0,1874.0,7765.0,9712.0,47.199999999999996,0
133,4552.0,247.0,1276.0,267.0,548.0,1053.0,5.1000000000000005,0
134,8977.0,299.0,5259.0,413.0,3545.0,4171.0,23.4,0
135,6182.0,260.0,1885.0,419.0,1754.0,1797.0,3.3999999999999995,0
136,12005.0,374.0,5086.0,1086.0,2562.0,4177.0,28.0,0
137,17982.0,757.0,7164.0,761.0,3749.0,6140.0,35.800000000000004,0
138,11412.0,322.0,6227.0,1258.0,3727.0,4461.0,47.8,2
139,17702.0,576.0,4628.0,1526.0,4066.0,4230.0,34.5,0
140,5244.0,257.0,2079.0,292.0,1544.0,1822.0,8.200000000000001,0
141,9326.0,371.0,3196.0,855.0,1673.0,2880.0,12.700000000000001,0
142,13578.0,656.0,6808.0,549.0,3996.0,6097.0,22.5,0
143,13655.0,594.0,3828.0,2494.0,1612.0,3298.0,32.4,0
144,7798.0,390.0,3143.0,458.0,1566.0,2721.0,13.700000000000001,0
145,30372.0,961.0,14609.0,5253.0,6217.0,10561.0,114.2,3
146,6583.0,420.0,1805.0,226.0,1580.0,1612.0,10.1,0
147,11907.0,675.0,3663.0,328.0,2391.0,2450.0,38.60000000000001,0
148,31936.0,893.0,17189.0,1795.0,11671.0,12581.0,106.00000000000001,1
149,3332.0,236.0,1473.0,206.0,896.0,1264.0,4.2,0
150,13067.0,515.0,3593.0,2514.0,2043.0,3083.0,22.800000000000004,0
151,3985.0,252.0,1654.0,154.0,1191.0,1393.0,6.4,0
152,4381.0,222.0,1571.0,254.0,1054.0,1309.0,5.4,0
153,8962.0,486.0,1615.0,176.0,1536.0,1540.0,17.1,0
154,15526.0,606.0,3946.0,2690.0,1652.0,3440.0,25.0,0
155,8599.0,386.0,4630.0,292.0,3411.0,3552.0,19.4,0
156,19642.0,735.0,8208.0,921.0,6999.0,7023.0,24.700000000000003,0
157,7819.0,382.0,2932.0,212.0,2464.0,2477.0,11.5,0
158,15260.0,489.0,5614.0,935.0,3735.0,4864.0,33.7,0
159,5605.0,308.0,2372.0,314.0,1372.0,2117.0,11.1,0
160,9552.0,358.0,4144.0,964.0,2028.0,3035.0,26.5,0
161,29646.0,834.0,15610.0,8251.0,8922.0,11614.0,154.7,8
162,3303.0,241.0,1092.0,455.0,529.0,956.0,5.3,0
163,27163.0,716.0,15323.0,3127.0,12542.0,13391.0,76.69999999999999,4
164,9423.0,517.0,3588.0,1539.0,1478.0,2940.0,21.8,0
165,11487.0,555.0,4797.0,423.0,3599.0,3614.0,24.700000000000003,0
166,18602.0,634.0,7653.0,1559.0,5536.0,5813.0,50.7,0
167,11240.0,599.0,2311.0,752.0,1993.0,2006.0,27.600000000000005,0
168,6949.0,309.0,2559.0,374.0,829.0,2265.0,12.0,0
169,15704.0,609.0,6356.0,2201.0,3224.0,5527.0,26.099999999999994,0
170,6078.0,312.0,2017.0,287.0,1659.0,1723.0,10.6,0
171,20429.0,688.0,7238.0,954.0,5837.0,5867.0,46.400000000000006,0
172,30905.0,941.0,13481.0,2363.0,8310.0,11555.0,65.6,0
173,8169.0,225.0,4310.0,1246.0,2290.0,3434.0,28.099999999999998,1
174,6402.0,279.0,2239.0,362.0,1644.0,1657.0,18.299999999999997,0
175,3127.0,288.0,988.0,174.0,767.0,767.0,9.400000000000002,0
176,14073.0,573.0,5585.0,928.0,3597.0,4982.0,17.2,0
177,23358.0,827.0,13198.0,1696.0,7538.0,8969.0,62.199999999999996,0
178,8392.0,517.0,1965.0,384.0,1712.0,1737.0,15.7,0
179,16807.0,732.0,8239.0,896.0,6573.0,6613.0,31.799999999999997,0
180,4346.0,270.0,1512.0,763.0,758.0,1363.0,2.3,0
181,7083.0,364.0,2479.0,904.0,1739.0,2102.0,15.200000000000001,0
182,16541.0,600.0,5819.0,981.0,3292.0,4950.0,28.9,0
183,6826.0,403.0,3080.0,322.0,2180.0,2207.0,16.0,0
184,25956.0,704.0,11199.0,1869.0,6693.0,9343.0,49.3,0
185,14112.0,579.0,5848.0,2327.0,2718.0,4696.0,29.399999999999995,0
186,5717.0,295.0,2032.0,234.0,777.0,1948.0,5.2,0
187,9418.0,596.0,3265.0,509.0,2344.0,2657.0,9.7,0
188,23172.0,846.0,6701.0,756.0,5268.0,5274.0,68.6,0
189,11057.0,389.0,5035.0,494.0,2369.0,4080.0,21.7,0
190,14399.0,396.0,8880.0,2446.0,4097.0,6914.0,45.5,2
191,10839.0,563.0,3571.0,787.0,2509.0,3118.0,12.200000000000001,0
192,12832.0,602.0,4085.0,1720.0,1211.0,3501.0,27.199999999999996,0
193,27887.0,825.0,11384.0,5137.0,6951.0,10261.0,54.5,0
194,4450.0,276.0,1694.0,731.0,958.0,1460.0,5.8,0
195,7627.0,513.0,2426.0,193.0,2051.0,2059.0,15.900000000000002,0
196,15068.0,507.0,4472.0,1361.0,1452.0,3833.0,36.300000000000004,0
197,12007.0,478.0,5466.0,1821.0,2622.0,4246.0,33.599999999999994,0
198,9316.0,397.0,3115.0,775.0,1227.0,2646.0,15.899999999999999,0
199,12651.0,412.0,6289.0,817.0,2515.0,4538.0,36.0,0
200,13109.0,622.0,4473.0,757.0,2385.0,3851.0,27.1,0
201,8832.0,440.0,3615.0,301.0,2522.0,2534.0,22.4,0
202,17834.0,557.0,9613.0,1064.0,4899.0,7449.0,47.5,0
203,11762.0,470.0,4155.0,761.0,1344.0,3467.0,30.299999999999997,0
204,10601.0,484.0,4838.0,846.0,3833.0,3967.0,22.700000000000003,0
205,3177.0,239.0,971.0,160.0,860.0,862.0,4.4,0
206,11277.0,522.0,3238.0,377.0,2575.0,2964.0,19.1,0
207,10842.0,409.0,4177.0,760.0,3541.0,3642.0,8.900000000000002,0
208,9229.0,495.0,3415.0,589.0,2885.0,2904.0,15.9,0
209,8427.0,435.0,2760.0,392.0,2548.0,2552.0,6.8,0
210,19339.0,788.0,7590.0,3281.0,3667.0,6389.0,48.89999999999999,0
211,8804.0,484.0,3228.0,400.0,2628.0,3063.0,12.499999999999998,0
212,16635.0,563.0,7149.0,2716.0,4429.0,5640.0,35.4,0
213,8418.0,479.0,3271.0,1319.0,1894.0,2877.0,9.6,0
214,4865.0,382.0,1059.0,215.0,779.0,795.0,5.5,0
215,4572.0,225.0,1717.0,170.0,1083.0,1454.0,9.7,0
216,23823.0,799.0,11018.0,1771.0,8346.0,8374.0,75.0,1
217,19158.0,593.0,10819.0,1206.0,7438.0,7475.0,99.59999999999998,4
218,27890.0,835.0,11072.0,3880.0,6582.0,9351.0,56.300000000000004,0
219,28145.0,961.0,13539.0,2135.0,10934.0,11141.0,82.49999999999999,0
220,2818.0,263.0,753.0,241.0,582.0,716.0,3.0,0
221,18621.0,673.0,6151.0,440.0,3663.0,3674.0,67.0,3
222,7054.0,424.0,2865.0,349.0,2362.0,2371.0,18.999999999999996,0
223,20275.0,595.0,11456.0,1661.0,8278.0,9119.0,44.4,1
224,14996.0,470.0,9894.0,1402.0,7200.0,7747.0,35.3,2
225,9164.0,389.0,3241.0,452.0,1589.0,2675.0,21.6,0
226,7550.0,540.0,1061.0,243.0,1048.0,1054.0,11.7,0
227,17196.0,774.0,5590.0,1277.0,3619.0,5170.0,12.399999999999999,0
228,6938.0,354.0,1729.0,203.0,1489.0,1489.0,14.200000000000001,0
229,8766.0,363.0,3472.0,974.0,1627.0,3025.0,14.999999999999998,0
230,10939.0,507.0,5344.0,749.0,2670.0,4541.0,21.9,0
231,11115.0,397.0,3959.0,1427.0,2365.0,3321.0,24.799999999999997,0
232,9505.0,283.0,1469.0,701.0,1193.0,1267.0,27.200000000000003,1
233,6263.0,285.0,3244.0,1258.0,2126.0,2849.0,7.7,0
234,10298.0,349.0,4323.0,743.0,1784.0,3667.0,21.3,0
235,5930.0,344.0,2121.0,304.0,1057.0,1872.0,6.4,0
236,17510.0,592.0,7224.0,2035.0,3968.0,5792.0,43.099999999999994,0
237,31966.0,1243.0,10517.0,3760.0,5876.0,9125.0,61.9,0
238,10700.0,348.0,3696.0,1551.0,2128.0,3202.0,19.7,0
239,7066.0,365.0,2485.0,228.0,2006.0,2046.0,14.899999999999999,0
240,27923.0,809.0,13445.0,6580.0,7464.0,10648.0,76.2,2
241,15557.0,489.0,7100.0,1079.0,5071.0,5842.0,33.4,0
242,11257.0,423.0,5126.0,489.0,4020.0,4046.0,31.599999999999998,0
243,10659.0,415.0,3176.0,928.0,2381.0,2669.0,22.000000000000004,0
244,16292.0,470.0,9155.0,2799.0,6679.0,7897.0,34.4,1
245,8316.0,390.0,3605.0,278.0,2093.0,2869.0,13.8,0
246,17830.0,591.0,7035.0,954.0,5669.0,5868.0,20.000000000000004,0
247,13844.0,437.0,6336.0,1618.0,3622.0,4436.0,51.0,1
248,11682.0,630.0,3536.0,543.0,2114.0,3360.0,18.300000000000004,0
249,8858.0,451.0,3314.0,667.0,1996.0,2866.0,13.4,0
250,20184.0,804.0,8920.0,3340.0,4800.0,6764.0,48.400000000000006,0
251,3114.0,209.0,917.0,68.0,650.0,651.0,9.8,0
252,5005.0,308.0,1334.0,289.0,1068.0,1076.0,4.8999999999999995,0
253,1436.0,218.0,395.0,37.0,358.0,360.0,2.3,0
254,26477.0,912.0,7990.0,756.0,5398.0,5399.0,89.6,3
255,5954.0,280.0,2343.0,440.0,1704.0,2157.0,6.0,0
256,8150.0,288.0,3843.0,820.0,2525.0,3519.0,6.699999999999999,0
257,48673.0,1394.0,30260.0,3496.0,17932.0,22600.0,201.3,12
258,5039.0,315.0,899.0,408.0,864.0,880.0,4.1,0
259,5209.0,382.0,1419.0,142.0,1064.0,1065.0,13.7,0
260,4553.0,248.0,1826.0,270.0,1148.0,1552.0,7.3,0
261,4259.0,253.0,1541.0,183.0,899.0,1441.0,1.5999999999999999,0
262,23413.0,898.0,10061.0,1224.0,6386.0,8777.0,57.8,0
263,12280.0,549.0,4597.0,850.0,2217.0,3908.0,26.0,0
264,22885.0,686.0,8046.0,2665.0,4513.0,6544.0,53.4,0
265,4155.0,311.0,1337.0,616.0,957.0,1240.0,2.8999999999999995,0
266,7621.0,317.0,2333.0,538.0,1930.0,2058.0,5.2,0
267,10627.0,397.0,3566.0,1627.0,1868.0,2950.0,32.9,2
268,15260.0,610.0,6637.0,712.0,5355.0,5639.0,37.099999999999994,0
269,3514.0,289.0,852.0,69.0,698.0,703.0,5.0,0
270,2820.0,230.0,926.0,153.0,737.0,801.0,3.8999999999999995,0
271,33291.0,954.0,16652.0,1426.0,10181.0,10237.0,121.69999999999999,8
272,32352.0,915.0,21317.0,5173.0,14473.0,15975.0,117.2,8
273,7106.0,380.0,2489.0,648.0,1561.0,2314.0,7.4,0
274,11387.0,575.0,5126.0,1861.0,3477.0,4419.0,23.7,0
275,18519.0,832.0,5246.0,3711.0,3478.0,4857.0,17.599999999999998,0
276,9492.0,445.0,3093.0,391.0,2284.0,2285.0,28.499999999999996,0
277,6729.0,303.0,2171.0,236.0,1511.0,2263.0,10.8,0
278,11443.0,644.0,4988.0,1003.0,2745.0,4713.0,19.1,0
279,31493.0,905.0,13723.0,2718.0,6899.0,10908.0,98.39999999999999,0
280,5345.0,278.0,1938.0,252.0,1649.0,1681.0,10.200000000000001,0
281,13109.0,527.0,6820.0,287.0,4732.0,4734.0,21.799999999999997,0
282,10399.0,564.0,2828.0,441.0,1958.0,2280.0,24.4,0
283,3737.0,232.0,862.0,148.0,765.0,768.0,4.8,0
284,19157.0,714.0,8367.0,976.0,6707.0,6737.0,50.800000000000004,0
285,5119.0,295.0,1732.0,522.0,894.0,1478.0,8.9,0
286,7046.0,237.0,2555.0,1530.0,2070.0,2350.0,8.9,0
287,8350.0,436.0,3130.0,1456.0,2256.0,2606.0,14.600000000000001,0
288,34910.0,1058.0,16827.0,2184.0,13164.0,13185.0,109.70000000000002,1
289,3934.0,226.0,1100.0,396.0,577.0,1020.0,2.5000000000000004,0
290,18702.0,590.0,7256.0,512.0,5770.0,5772.0,44.3,0
291,8153.0,396.0,4353.0,243.0,3204.0,3270.0,23.8,0
292,11309.0,418.0,5480.0,1924.0,3233.0,4308.0,23.200000000000003,0
293,16471.0,492.0,8151.0,1559.0,3747.0,6437.0,26.2,0
294,6590.0,356.0,1715.0,153.0,1432.0,1435.0,8.399999999999999,0
295,6241.0,288.0,2458.0,1191.0,1579.0,2106.0,11.7,0
296,14613.0,789.0,5919.0,778.0,2543.0,4711.0,31.000000000000004,0
297,23058.0,829.0,5766.0,4232.0,4767.0,5031.0,43.699999999999996,0
298,13742.0,569.0,5002.0,790.0,3353.0,3911.0,20.9,0
299,24003.0,987.0,7309.0,817.0,5579.0,5595.0,52.60000000000001,0
300,9768.0,473.0,3660.0,1174.0,2165.0,3269.0,13.100000000000001,0
301,12734.0,528.0,5808.0,614.0,3437.0,4936.0,33.0,0
302,16709.0,800.0,3356.0,380.0,2640.0,2650.0,37.099999999999994,0
303,7084.0,409.0,2341.0,149.0,1734.0,1734.0,14.699999999999998,0
304,8392.0,319.0,3918.0,691.0,1864.0,3130.0,13.0,0
305,14477.0,507.0,5427.0,1904.0,4350.0,5054.0,15.2,0
306,4871.0,336.0,1081.0,300.0,831.0,835.0,13.599999999999998,0
307,3037.0,202.0,1068.0,179.0,830.0,948.0,1.9000000000000001,0
308,3673.0,276.0,1039.0,54.0,739.0,739.0,6.500000000000001,0
309,6866.0,439.0,1650.0,250.0,1401.0,1416.0,12.3,0
310,11143.0,509.0,4117.0,704.0,1936.0,3454.0,17.700000000000003,0
311,9978.0,541.0,2944.0,846.0,1286.0,2227.0,27.599999999999998,0
312,9429.0,391.0,2909.0,935.0,1524.0,2402.0,15.6,0
313,6357.0,340.0,1741.0,578.0,853.0,1556.0,7.6000000000000005,0
314,5969.0,279.0,2756.0,447.0,1387.0,2346.0,10.700000000000001,0
315,35810.0,980.0,17452.0,6833.0,11415.0,14793.0,118.19999999999999,7
316,9511.0,493.0,4207.0,490.0,3387.0,3434.0,23.1,0
317,17357.0,599.0,7039.0,2002.0,3525.0,5490.0,53.9,0
318,15921.0,703.0,4428.0,1025.0,3632.0,4104.0,28.2,0
319,13268.0,496.0,5466.0,1249.0,2626.0,4711.0,23.000000000000004,0
320,10266.0,515.0,5093.0,502.0,2517.0,4407.0,15.0,0
321,13854.0,535.0,5987.0,1009.0,4349.0,5111.0,18.4,0
322,21356.0,742.0,8627.0,1494.0,5381.0,6480.0,52.5,0
323,6079.0,253.0,2716.0,132.0,1970.0,1971.0,17.599999999999998,0
324,10106.0,318.0,4737.0,1136.0,3019.0,3470.0,26.9,1
325,18281.0,503.0,11010.0,2752.0,5551.0,8446.0,51.1,3
326,10557.0,491.0,4015.0,450.0,3476.0,3530.0,18.1,0
327,21092.0,620.0,10962.0,1231.0,5939.0,8478.0,58.300000000000004,2
328,27433.0,812.0,14868.0,1960.0,10663.0,12661.0,43.0,0
329,15276.0,547.0,7435.0,2755.0,4121.0,5761.0,40.2,1
330,5813.0,253.0,2501.0,407.0,1683.0,2177.0,7.1000000000000005,0
331,16164.0,516.0,8077.0,1762.0,4256.0,6129.0,43.099999999999994,0
332,7884.0,297.0,2639.0,486.0,1909.0,1979.0,18.7,0
333,34776.0,1026.0,17137.0,4252.0,12429.0,13126.0,99.9,4
334,13655.0,531.0,4045.0,714.0,3009.0,3234.0,28.399999999999995,0
335,3023.0,229.0,612.0,76.0,487.0,494.0,4.8,0
336,10094.0,501.0,3791.0,1841.0,1707.0,3137.0,23.599999999999998,0
337,10895.0,570.0,2878.0,719.0,1775.0,2491.0,20.700000000000003,0
338,6204.0,490.0,1850.0,242.0,1686.0,1765.0,3.700000000000001,0
339,5144.0,277.0,1902.0,384.0,1556.0,1662.0,8.2,0
340,15955.0,538.0,7572.0,1216.0,5912.0,5924.0,45.3,0
341,14753.0,756.0,3512.0,443.0,2747.0,2757.0,33.8,0
342,3048.0,203.0,641.0,97.0,528.0,529.0,6.0,0
343,9055.0,383.0,3415.0,1840.0,2017.0,3147.0,11.7,0
344,15891.0,482.0,9047.0,1178.0,7163.0,7230.0,49.2,4
345,9118.0,451.0,4267.0,340.0,2985.0,3086.0,18.0,0
346,11425.0,386.0,4605.0,564.0,2890.0,3876.0,22.200000000000003,0
347,7462.0,341.0,2024.0,323.0,1784.0,1978.0,12.2,0
348,2237.0,207.0,454.0,27.0,302.0,302.0,4.6,0
349,5891.0,217.0,2942.0,93.0,2069.0,2069.0,25.3,0
350,3336.0,202.0,859.0,634.0,532.0,780.0,5.3,0
351,26065.0,972.0,10785.0,2774.0,5692.0,8841.0,62.099999999999994,0
352,14853.0,498.0,5633.0,1280.0,2395.0,4096.0,46.1,0
353,2687.0,224.0,742.0,73.0,559.0,562.0,3.6,0
354,6233.0,256.0,2016.0,283.0,837.0,1754.0,6.5,0
355,20417.0,619.0,6130.0,1259.0,5287.0,5324.0,55.900000000000006,0
356,8166.0,300.0,2209.0,418.0,1850.0,1858.0,17.499999999999996,0
357,15118.0,724.0,4860.0,2588.0,2947.0,4334.0,19.4,0
358,11711.0,525.0,4329.0,862.0,2162.0,3528.0,20.9,0
359,7902.0,469.0,2421.0,230.0,1686.0,1692.0,21.4,0
360,8541.0,332.0,2465.0,647.0,1317.0,2302.0,10.299999999999999,0
361,5711.0,316.0,1635.0,308.0,859.0,1471.0,8.799999999999999,0
362,6978.0,337.0,1749.0,327.0,1386.0,1588.0,8.399999999999999,0
363,6836.0,315.0,2627.0,422.0,2294.0,2338.0,7.9,0
364,15436.0,484.0,8092.0,1333.0,5224.0,6970.0,21.200000000000003,0
365,12033.0,395.0,7736.0,2107.0,3485.0,5639.0,41.4,1
366,4785.0,253.0,1698.0,1006.0,1497.0,1736.0,5.1,0
367,13482.0,695.0,5977.0,2513.0,3599.0,5403.0,18.8,0
368,10976.0,479.0,4779.0,411.0,3754.0,3774.0,21.400000000000002,0
369,16361.0,662.0,7870.0,1200.0,2961.0,5874.0,45.1,0
370,4542.0,249.0,1569.0,178.0,1158.0,1175.0,9.799999999999999,0
371,23111.0,856.0,11134.0,1831.0,4861.0,9518.0,45.3,0
372,7531.0,446.0,3362.0,128.0,2519.0,2529.0,20.5,0
373,12658.0,776.0,3463.0,1919.0,2758.0,3028.0,15.299999999999999,0
374,8632.0,358.0,3324.0,526.0,1395.0,2665.0,21.099999999999998,0
375,5909.0,333.0,1954.0,63.0,1441.0,1442.0,10.5,0
376,4747.0,292.0,1443.0,99.0,1133.0,1134.0,10.1,0
377,6443.0,450.0,1814.0,237.0,1378.0,1381.0,11.699999999999998,0
378,24223.0,808.0,11469.0,3161.0,7641.0,9428.0,42.199999999999996,0
379,14594.0,673.0,4905.0,386.0,3662.0,3669.0,27.800000000000008,0
380,14443.0,547.0,4652.0,3330.0,3155.0,4481.0,17.3,0
381,34037.0,1128.0,17020.0,3883.0,8885.0,14429.0,56.599999999999994,0
382,18891.0,495.0,9737.0,2055.0,6668.0,8464.0,42.400000000000006,1
383,5484.0,241.0,1557.0,259.0,915.0,1352.0,12.399999999999999,0
384,22821.0,799.0,9497.0,4201.0,5362.0,8244.0,47.099999999999994,0
385,4226.0,237.0,1388.0,282.0,651.0,1251.0,3.1,0
386,20688.0,615.0,13618.0,3526.0,5252.0,9053.0,91.2,4
387,9232.0,461.0,3527.0,852.0,2316.0,2928.0,17.0,0
388,11098.0,709.0,3717.0,366.0,1066.0,3003.0,25.099999999999998,0
389,22388.0,839.0,7067.0,1335.0,2888.0,5767.0,50.70000000000001,0
390,6036.0,306.0,2529.0,609.0,1256.0,2290.0,5.800000000000001,0
391,3041.0,218.0,895.0,100.0,621.0,719.0,7.9,0
392,7100.0,467.0,3087.0,930.0,1950.0,3025.0,5.4,0
393,17339.0,720.0,6012.0,1181.0,2711.0,4671.0,38.49999999999999,0
394,11654.0,553.0,2672.0,690.0,2221.0,2448.0,10.999999999999998,0
395,6532.0,269.0,2893.0,477.0,2168.0,2686.0,15.299999999999999,0
396,6459.0,335.0,2066.0,422.0,942.0,1908.0,11.099999999999998,0
397,22245.0,792.0,8743.0,3545.0,5409.0,7108.0,35.699999999999996,0
398,8518.0,537.0,2093.0,418.0,1489.0,1494.0,15.799999999999999,0
399,9898.0,427.0,3553.0,459.0,2262.0,3363.0,10.200000000000001,0
400,8332.0,433.0,3053.0,389.0,2378.0,2385.0,12.8,0
401,14236.0,686.0,2557.0,605.0,2140.0,2174.0,20.100000000000005,0
402,4214.0,286.0,1350.0,633.0,1018.0,1194.0,7.8,0
403,9068.0,509.0,3398.0,417.0,1972.0,3026.0,10.3,0
404,47425.0,1318.0,16735.0,11361.0,9405.0,14805.0,135.00000000000003,5
405,11379.0,618.0,3481.0,266.0,2818.0,2823.0,20.3,0
406,26831.0,788.0,13616.0,2137.0,7840.0,11794.0,53.0,0
407,9554.0,563.0,3599.0,425.0,2992.0,3186.0,13.899999999999999,0
408,41220.0,1359.0,18715.0,5356.0,9536.0,15431.0,101.29999999999998,0
409,14640.0,560.0,5150.0,616.0,4171.0,4213.0,23.2,0
410,23064.0,777.0,8245.0,4583.0,3901.0,7670.0,38.6,0
411,7635.0,291.0,2713.0,233.0,2364.0,2386.0,18.2,0
412,2322.0,237.0,690.0,99.0,514.0,519.0,6.4,0
413,15750.0,764.0,3747.0,703.0,2907.0,2961.0,47.5,0
414,18009.0,584.0,7903.0,925.0,4933.0,6656.0,25.4,0
415,13904.0,450.0,6454.0,1791.0,3695.0,4678.0,51.8,0
416,14658.0,537.0,4931.0,2318.0,3783.0,4665.0,20.400000000000002,0
417,16175.0,600.0,7545.0,3310.0,4565.0,6001.0,41.300000000000004,0
418,3824.0,260.0,1200.0,135.0,947.0,947.0,5.1,0
419,4933.0,220.0,1581.0,260.0,846.0,1262.0,5.6,0
420,2621.0,249.0,877.0,107.0,613.0,639.0,8.1,0
421,4688.0,276.0,2214.0,316.0,1213.0,1928.0,10.5,0
422,10757.0,405.0,4842.0,1807.0,2672.0,3796.0,21.300000000000004,0
423,26148.0,970.0,12754.0,1302.0,10466.0,10560.0,64.7,3
424,4771.0,358.0,1540.0,118.0,1337.0,1339.0,2.9,0
425,7498.0,385.0,2266.0,454.0,2151.0,2294.0,13.099999999999998,0
426,11544.0,539.0,3547.0,431.0,2558.0,2581.0,34.8,0
427,29474.0,948.0,16056.0,3173.0,9743.0,12899.0,51.49999999999999,0
428,10105.0,471.0,4093.0,1407.0,2359.0,3400.0,16.9,0
429,19898.0,620.0,8746.0,1760.0,5784.0,7644.0,31.8,0
430,5927.0,401.0,1072.0,105.0,938.0,948.0,9.4,0
431,3079.0,223.0,1382.0,319.0,726.0,1220.0,2.5000000000000004,0
432,12880.0,399.0,6208.0,1254.0,3481.0,4483.0,49.3,1
433,4404.0,231.0,1473.0,356.0,896.0,1229.0,5.8999999999999995,0
434,17863.0,618.0,5557.0,1807.0,4327.0,4342.0,59.599999999999994,1
435,10401.0,413.0,4281.0,483.0,1592.0,3360.0,21.6,0
436,11102.0,323.0,4536.0,1338.0,1917.0,3584.0,25.599999999999998,0
437,4886.0,242.0,1319.0,502.0,405.0,1096.0,9.5,0
438,40182.0,1135.0,19085.0,4581.0,11548.0,16463.0,80.3,1
439,2886.0,243.0,700.0,150.0,694.0,707.0,2.3,0
440,24879.0,922.0,10384.0,935.0,8684.0,8802.0,56.39999999999999,0
441,2788.0,242.0,563.0,150.0,525.0,554.0,2.7,0
442,7019.0,478.0,1058.0,99.0,770.0,770.0,15.399999999999999,0
443,11626.0,582.0,2283.0,253.0,1611.0,1614.0,23.100000000000005,0
444,6117.0,377.0,2239.0,207.0,1596.0,1776.0,7.9,0
445,7045.0,446.0,2142.0,217.0,2039.0,2051.0,5.500000000000001,0
446,4811.0,294.0,1837.0,228.0,1633.0,1646.0,0.3999999999999999,0
447,4876.0,368.0,1522.0,809.0,860.0,1162.0,10.200000000000001,0
448,5994.0,315.0,2418.0,314.0,1915.0,1921.0,13.799999999999997,0
449,2927.0,242.0,1147.0,362.0,711.0,1185.0,3.4000000000000004,0
450,18716.0,731.0,6375.0,1759.0,3902.0,5391.0,26.300000000000004,0
451,14265.0,515.0,6076.0,1656.0,3101.0,5469.0,27.4,0
452,21616.0,688.0,8841.0,6423.0,4896.0,6080.0,96.6,4
453,18031.0,500.0,9419.0,4610.0,6561.0,7888.0,40.400000000000006,1
454,6143.0,381.0,2901.0,281.0,2446.0,2496.0,6.3999999999999995,0
455,14307.0,581.0,5543.0,734.0,3223.0,4200.0,21.699999999999996,0
456,11811.0,686.0,3981.0,1520.0,1541.0,3007.0,35.2,0
457,5316.0,319.0,2174.0,277.0,1482.0,1846.0,12.3,0
458,8268.0,442.0,2790.0,346.0,1629.0,2309.0,17.1,0
459,9483.0,363.0,4160.0,240.0,2928.0,2932.0,33.599999999999994,0
460,3847.0,262.0,1453.0,170.0,924.0,1221.0,3.9,0
461,6425.0,220.0,3133.0,611.0,1968.0,2765.0,5.7,0
462,9840.0,504.0,3888.0,1453.0,1893.0,3452.0,13.799999999999999,0
463,6971.0,353.0,2974.0,301.0,2489.0,2506.0,14.9,0
464,20963.0,744.0,7166.0,4694.0,3863.0,5841.0,52.599999999999994,0
465,4482.0,256.0,1340.0,125.0,1042.0,1042.0,9.0,0
466,10432.0,391.0,3548.0,609.0,2270.0,2571.0,25.799999999999997,0
467,14523.0,476.0,6882.0,773.0,4865.0,5819.0,37.2,0
468,7580.0,390.0,2174.0,831.0,1298.0,1818.0,17.8,0
469,3902.0,309.0,1214.0,158.0,1101.0,1121.0,2.6,0
470,27671.0,840.0,12476.0,2609.0,9227.0,10683.0,51.300000000000004,0
471,16257.0,504.0,7191.0,3147.0,4907.0,6458.0,26.5,0
472,6842.0,345.0,3035.0,628.0,1999.0,2789.0,5.6000000000000005,0
473,5736.0,506.0,1534.0,373.0,812.0,1431.0,12.600000000000001,0
474,3049.0,231.0,907.0,182.0,734.0,795.0,3.9,0
475,9780.0,471.0,3325.0,408.0,1834.0,3052.0,15.100000000000001,0
476,32992.0,1098.0,14492.0,2414.0,12487.0,12536.0,53.80000000000001,1
477,5865.0,332.0,2201.0,350.0,1374.0,2169.0,1.9000000000000001,0
478,27290.0,742.0,17878.0,3063.0,12663.0,12817.0,125.19999999999997,6
479,12154.0,398.0,6508.0,903.0,3464.0,4798.0,55.300000000000004,2
480,5620.0,282.0,1235.0,274.0,511.0,1101.0,11.5,0
481,12676.0,602.0,3787.0,752.0,1536.0,3328.0,17.9,0
482,15758.0,495.0,8095.0,776.0,5345.0,6761.0,36.4,0
483,5025.0,208.0,2178.0,230.0,1234.0,1748.0,9.299999999999999,0
484,5756.0,278.0,2628.0,471.0,1403.0,2094.0,14.7,0
485,10583.0,537.0,2950.0,242.0,2191.0,2204.0,28.6,0
486,15008.0,443.0,8137.0,2381.0,4658.0,6915.0,32.7,0
487,18501.0,621.0,7644.0,1545.0,6260.0,7036.0,29.9,0
488,16551.0,747.0,4080.0,787.0,3091.0,3105.0,27.599999999999998,0
489,10539.0,409.0,4858.0,432.0,3577.0,3596.0,34.6,0
490,16391.0,547.0,6583.0,3105.0,4541.0,5659.0,43.5,0
491,15376.0,565.0,5149.0,859.0,4062.0,4300.0,28.5,0
492,6280.0,307.0,2488.0,519.0,1313.0,2139.0,8.299999999999999,0
493,9488.0,314.0,3665.0,495.0,1885.0,3320.0,14.399999999999999,0
494,23134.0,757.0,9325.0,1439.0,7749.0,8031.0,48.40000000000001,0
495,7219.0,318.0,2655.0,288.0,2141.0,2160.0,17.6,0
496,16929.0,507.0,7165.0,1295.0,4499.0,6337.0,45.00000000000001,0
497,26278.0,703.0,19121.0,2663.0,9933.0,13254.0,119.9,7
498,49564.0,1420.0,25786.0,5376.0,20241.0,20867.0,189.89999999999998,8
499,7420.0,229.0,3703.0,1799.0,2150.0,2462.0,28.7,0
500,18774.0,576.0,10593.0,1368.0,5499.0,7934.0,70.60000000000001,2
501,20524.0,676.0,11861.0,1283.0,5547.0,8373.0,58.99999999999999,0
502,7645.0,521.0,1820.0,1070.0,1460.0,1482.0,11.999999999999998,0
503,6430.0,423.0,2516.0,246.0,2311.0,2318.0,5.9,0
504,14281.0,629.0,6030.0,462.0,5181.0,5234.0,26.099999999999998,0
505,14134.0,728.0,5067.0,1601.0,3079.0,4356.0,18.499999999999996,0
506,5038.0,233.0,1948.0,784.0,1011.0,1568.0,8.4,0
507,9054.0,296.0,4070.0,809.0,2271.0,3339.0,18.0,0
508,26253.0,844.0,9383.0,4153.0,5286.0,8326.0,51.8,0
509,15182.0,464.0,8854.0,1045.0,4072.0,7243.0,36.6,2
510,48637.0,1346.0,33643.0,6306.0,20654.0,26200.0,172.59999999999997,14
511,9042.0,534.0,3174.0,229.0,2625.0,2627.0,23.700000000000003,0
512,13377.0,743.0,5010.0,526.0,4066.0,4177.0,29.000000000000004,0
513,26636.0,1082.0,8847.0,1190.0,7738.0,7769.0,63.300000000000004,0
514,12880.0,584.0,3903.0,526.0,2976.0,2985.0,20.199999999999996,0
515,25764.0,974.0,9741.0,1769.0,3057.0,7544.0,62.599999999999994,0
516,20987.0,664.0,9792.0,3945.0,4388.0,7440.0,68.0,1
517,4643.0,321.0,1760.0,378.0,1408.0,1494.0,11.0,0
518,7279.0,318.0,2208.0,252.0,1131.0,1898.0,9.700000000000001,0
519,13024.0,381.0,8232.0,2114.0,4701.0,6588.0,40.4,1
520,27568.0,794.0,15136.0,1510.0,12366.0,12659.0,86.69999999999999,4
521,12168.0,463.0,4990.0,663.0,3727.0,4488.0,17.2,0
522,32131.0,961.0,12781.0,3554.0,8267.0,10393.0,77.0,0
523,18477.0,736.0,8286.0,978.0,5835.0,7301.0,19.799999999999997,0
524,7984.0,303.0,2823.0,987.0,1923.0,2534.0,12.7,0
525,4639.0,251.0,1410.0,169.0,967.0,1183.0,4.4,0
526,6010.0,255.0,1731.0,419.0,1085.0,1446.0,10.5,0
527,19158.0,598.0,8857.0,2033.0,6519.0,7905.0,28.999999999999996,0
528,17558.0,492.0,7230.0,1469.0,4781.0,5771.0,47.300000000000004,0
529,4635.0,238.0,1520.0,174.0,1390.0,1395.0,10.299999999999999,0
530,28996.0,754.0,13810.0,2984.0,9226.0,11909.0,44.300000000000004,0
531,5945.0,337.0,1584.0,319.0,1490.0,1492.0,12.7,0
532,4726.0,318.0,2031.0,183.0,1589.0,1606.0,13.0,0
533,41272.0,1061.0,28787.0,7461.0,16508.0,20803.0,205.60000000000002,13
534,17950.0,828.0,8839.0,1742.0,4729.0,7226.0,36.6,0
535,7362.0,332.0,1689.0,1279.0,733.0,1510.0,5.600000000000001,0
536,5340.0,276.0,2423.0,277.0,2171.0,2177.0,7.6000000000000005,0
537,3133.0,225.0,1414.0,76.0,888.0,893.0,11.8,0
538,8185.0,409.0,3561.0,321.0,1758.0,2912.0,13.599999999999998,0
539,21081.0,855.0,7113.0,2116.0,3993.0,6770.0,33.6,0
540,2428.0,215.0,555.0,74.0,489.0,496.0,3.2,0
541,18522.0,773.0,6189.0,621.0,5540.0,5569.0,30.599999999999994,0
542,5262.0,393.0,1521.0,182.0,1314.0,1317.0,7.2,0
543,17845.0,759.0,9682.0,2219.0,4786.0,7404.0,46.400000000000006,0
544,9965.0,346.0,4250.0,397.0,3662.0,3732.0,18.900000000000002,0
545,8468.0,370.0,2962.0,623.0,2637.0,2641.0,14.900000000000002,0
546,13581.0,566.0,3711.0,510.0,2755.0,3179.0,22.6,0
547,14536.0,723.0,5366.0,1024.0,3644.0,4766.0,28.0,0
548,19001.0,743.0,8882.0,1194.0,7171.0,7442.0,45.69999999999999,0
549,4617.0,331.0,1559.0,193.0,555.0,1378.0,6.2,0
550,21245.0,805.0,7640.0,3659.0,5061.0,6695.0,35.9,0
551,9386.0,543.0,2606.0,1287.0,1856.0,2398.0,14.100000000000001,0
552,29183.0,839.0,12629.0,1925.0,8820.0,10631.0,71.2,0
553,7475.0,326.0,2736.0,712.0,1201.0,2325.0,14.399999999999999,0
554,7258.0,277.0,3784.0,975.0,2588.0,3403.0,13.599999999999998,0
555,6681.0,439.0,2174.0,202.0,2207.0,2223.0,5.6,0
556,12631.0,769.0,4756.0,656.0,3820.0,3889.0,26.800000000000004,0
557,10425.0,392.0,4340.0,721.0,3288.0,3782.0,16.299999999999997,0
558,25560.0,992.0,13467.0,3838.0,5936.0,9799.0,104.30000000000001,2
559,21721.0,643.0,9592.0,2086.0,6928.0,7262.0,69.60000000000001,2
560,6813.0,328.0,2966.0,282.0,2403.0,2433.0,12.2,0
561,17469.0,652.0,6928.0,682.0,5321.0,5341.0,53.699999999999996,0
562,14903.0,644.0,6209.0,1080.0,2929.0,5191.0,23.499999999999996,0
563,4952.0,300.0,1823.0,665.0,1215.0,1508.0,6.199999999999999,0
564,27072.0,910.0,8948.0,1727.0,7684.0,7771.0,77.4,0
565,6032.0,289.0,2782.0,352.0,2426.0,2536.0,2.6999999999999997,0
566,10546.0,393.0,4382.0,632.0,2381.0,3820.0,19.3,0
567,5874.0,207.0,1916.0,757.0,910.0,1755.0,9.0,0
568,8467.0,335.0,4504.0,519.0,2277.0,3821.0,16.999999999999996,0
569,15704.0,574.0,5203.0,2196.0,2215.0,4166.0,31.6,0
570,12970.0,471.0,4074.0,1271.0,1723.0,2919.0,33.5,0
571,12013.0,512.0,4175.0,412.0,3261.0,3364.0,18.2,0
572,7673.0,410.0,2444.0,296.0,1918.0,1924.0,14.4,0
573,3681.0,230.0,1261.0,294.0,957.0,1071.0,2.1999999999999997,0
574,19244.0,687.0,5314.0,5238.0,3291.0,4605.0,45.900000000000006,0
575,5335.0,453.0,975.0,181.0,818.0,834.0,8.2,0
576,3213.0,272.0,1230.0,95.0,1043.0,1051.0,7.1,0
577,3915.0,270.0,975.0,60.0,788.0,788.0,5.1000000000000005,0
578,10884.0,411.0,4908.0,672.0,3390.0,4210.0,19.4,0
579,11246.0,447.0,3193.0,1600.0,2104.0,2944.0,12.0,0
580,11707.0,548.0,4319.0,966.0,3494.0,3933.0,16.6,0
581,9386.0,613.0,4928.0,404.0,3741.0,4154.0,23.8,0
582,13914.0,580.0,5056.0,588.0,1995.0,4062.0,24.700000000000003,0
583,4889.0,258.0,1882.0,295.0,1436.0,1505.0,6.2,0
584,24891.0,861.0,9122.0,1125.0,5339.0,7390.0,53.79999999999999,0
585,6618.0,288.0,2583.0,574.0,1735.0,1750.0,20.2,0
586,20507.0,869.0,7150.0,1535.0,3259.0,5975.0,42.0,0
587,13356.0,792.0,4632.0,552.0,1845.0,3768.0,38.599999999999994,0
588,5462.0,373.0,1918.0,284.0,714.0,1709.0,9.799999999999999,0
589,7427.0,435.0,2982.0,309.0,1570.0,2458.0,11.1,0
590,10468.0,432.0,4324.0,342.0,3526.0,3586.0,22.7,0
591,17584.0,665.0,7645.0,907.0,5559.0,6033.0,42.00000000000001,0
592,7470.0,295.0,2177.0,852.0,847.0,1920.0,9.5,0
593,6504.0,291.0,1804.0,1085.0,872.0,1648.0,9.0,0
594,9985.0,508.0,3506.0,378.0,1926.0,3002.0,20.7,0
595,8278.0,356.0,2646.0,311.0,1579.0,2240.0,12.599999999999998,0
596,12419.0,496.0,5593.0,570.0,4981.0,5006.0,9.6,0
597,18429.0,634.0,8561.0,1089.0,5025.0,6615.0,54.7,0
598,5761.0,351.0,1922.0,247.0,1639.0,1642.0,4.1,0
599,29017.0,923.0,12078.0,2413.0,7227.0,10351.0,57.599999999999994,0
600,4963.0,299.0,1714.0,246.0,860.0,1426.0,9.4,0
601,11973.0,509.0,6411.0,640.0,4952.0,5684.0,13.0,0
602,7361.0,345.0,1181.0,193.0,981.0,985.0,19.099999999999998,0
603,13131.0,652.0,2967.0,802.0,2164.0,2424.0,18.0,0
604,7490.0,212.0,3257.0,553.0,2107.0,2824.0,9.5,0
605,8445.0,561.0,2788.0,329.0,2733.0,2741.0,12.2,0
606,35607.0,1022.0,16316.0,3070.0,10610.0,14224.0,82.40000000000002,0
607,15169.0,405.0,10751.0,1698.0,8067.0,8890.0,66.3,3
608,7668.0,283.0,2582.0,369.0,2093.0,2127.0,15.399999999999999,0
609,12962.0,484.0,4090.0,321.0,4064.0,4064.0,2.5999999999999996,0
610,20104.0,629.0,11972.0,1338.0,6654.0,9405.0,55.800000000000004,1
611,5966.0,414.0,716.0,250.0,631.0,634.0,6.7,0
612,10205.0,431.0,2458.0,632.0,1699.0,1706.0,22.800000000000004,0
613,3232.0,269.0,618.0,88.0,551.0,551.0,4.6,0
614,11532.0,538.0,4502.0,435.0,1883.0,3706.0,19.000000000000004,0
615,32878.0,962.0,14333.0,5379.0,8239.0,12085.0,71.9,0
616,22985.0,706.0,10050.0,4011.0,5805.0,8196.0,62.8,0
617,25445.0,920.0,10339.0,2054.0,5073.0,8356.0,55.0,0
618,12428.0,493.0,5086.0,1781.0,2857.0,4436.0,18.999999999999993,0
619,25986.0,983.0,10167.0,2527.0,4385.0,8039.0,57.599999999999994,0
620,4322.0,281.0,1988.0,257.0,1085.0,1663.0,9.3,0
621,3610.0,233.0,1516.0,145.0,1162.0,1164.0,7.699999999999999,0
622,9489.0,511.0,3095.0,381.0,2164.0,2177.0,21.8,0
623,8149.0,442.0,2164.0,1165.0,1818.0,1981.0,3.9000000000000004,0
624,5606.0,314.0,2565.0,263.0,813.0,2228.0,8.5,0
625,18046.0,539.0,10583.0,1658.0,5859.0,8266.0,47.0,4
626,4143.0,287.0,1350.0,265.0,887.0,1195.0,1.9,0
627,21658.0,741.0,9783.0,3472.0,5832.0,8417.0,39.5,0
628,28256.0,812.0,14488.0,3733.0,10048.0,12352.0,41.0,0
629,7562.0,442.0,2865.0,540.0,2317.0,2353.0,11.600000000000001,0
630,7017.0,393.0,2124.0,1159.0,1509.0,1883.0,10.0,0
631,18891.0,534.0,7257.0,3369.0,3918.0,6853.0,47.9,0
632,19366.0,711.0,7628.0,1090.0,3865.0,6567.0,35.699999999999996,0
633,7081.0,270.0,1997.0,1605.0,1475.0,1708.0,18.999999999999996,0
634,13340.0,579.0,6578.0,1749.0,3448.0,5588.0,27.0,0
635,13264.0,827.0,4805.0,322.0,4047.0,4053.0,29.200000000000003,0
636,9529.0,372.0,3853.0,327.0,3174.0,3188.0,19.5,0
637,23107.0,843.0,10042.0,1587.0,6939.0,6985.0,67.60000000000001,0
638,13232.0,429.0,5561.0,1135.0,2620.0,4861.0,31.500000000000004,0
639,18528.0,895.0,5328.0,935.0,4026.0,4127.0,44.3,0
640,25512.0,772.0,11202.0,5198.0,6279.0,10095.0,51.0,0
641,14471.0,614.0,7390.0,639.0,3885.0,6230.0,16.599999999999998,0
642,19893.0,628.0,7600.0,2304.0,3302.0,6177.0,47.00000000000001,0
643,5124.0,226.0,1692.0,393.0,642.0,1475.0,2.4,0
644,4979.0,218.0,2354.0,272.0,822.0,1858.0,13.399999999999999,0
645,6744.0,271.0,3405.0,199.0,2537.0,2537.0,18.8,0
646,11912.0,399.0,5807.0,812.0,5058.0,5159.0,28.099999999999998,0
647,6870.0,313.0,2211.0,816.0,1626.0,2163.0,2.3,0
648,16919.0,547.0,7574.0,1607.0,4260.0,6547.0,21.900000000000002,0
649,14257.0,527.0,4669.0,517.0,4174.0,4189.0,23.9,0
650,7647.0,326.0,2496.0,641.0,1980.0,2010.0,13.500000000000002,0
651,9034.0,453.0,2457.0,277.0,1772.0,1773.0,20.900000000000002,0
652,10453.0,485.0,4059.0,574.0,2106.0,3366.0,16.0,0
653,12657.0,665.0,4732.0,407.0,3607.0,3615.0,22.200000000000003,0
654,9996.0,371.0,3850.0,569.0,2947.0,2963.0,25.7,0
655,6632.0,266.0,2469.0,316.0,1269.0,2002.0,17.700000000000003,0
656,31873.0,1010.0,9420.0,1568.0,7910.0,7963.0,85.5,0
657,11033.0,394.0,3062.0,625.0,1758.0,2613.0,19.9,0
658,4164.0,246.0,873.0,698.0,235.0,719.0,9.3,0
659,11062.0,552.0,4017.0,443.0,1956.0,3543.0,18.7,0
660,8290.0,291.0,2708.0,980.0,1067.0,2339.0,19.6,0
661,15781.0,503.0,8624.0,784.0,6946.0,7013.0,40.699999999999996,1
662,10463.0,436.0,3435.0,533.0,1970.0,3012.0,23.400000000000002,0
663,7482.0,441.0,3464.0,957.0,1460.0,2959.0,20.0,0
664,37396.0,1080.0,19263.0,3519.0,14113.0,14451.0,133.0,4
665,14692.0,448.0,8090.0,1419.0,3994.0,6419.0,44.5,3
666,24683.0,837.0,11890.0,1922.0,8090.0,9104.0,79.4,0
667,45880.0,1343.0,26397.0,4708.0,13649.0,19465.0,150.2,4
668,25224.0,742.0,12876.0,1312.0,5995.0,10078.0,78.6,1
669,3395.0,202.0,914.0,147.0,729.0,731.0,6.0,0
670,5124.0,348.0,1384.0,289.0,799.0,1266.0,7.3999999999999995,0
671,7324.0,282.0,2255.0,1397.0,1594.0,2274.0,7.000000000000001,0
672,10806.0,454.0,3258.0,597.0,3028.0,3116.0,18.4,0
673,5542.0,278.0,2187.0,225.0,1931.0,2125.0,5.7,0
674,5779.0,302.0,2362.0,172.0,1934.0,1940.0,11.1,0
675,20785.0,783.0,8032.0,1138.0,4072.0,7360.0,32.7,0
676,4502.0,249.0,1332.0,202.0,629.0,1109.0,8.5,0
677,8197.0,433.0,1825.0,426.0,1623.0,1769.0,8.1,0
678,13758.0,536.0,5398.0,577.0,3300.0,4520.0,37.599999999999994,0
679,17146.0,598.0,6082.0,2872.0,3196.0,5700.0,29.499999999999996,0
680,18944.0,679.0,6726.0,1169.0,3478.0,5717.0,31.400000000000006,0
681,21726.0,668.0,7180.0,5774.0,5690.0,6426.0,52.7,1
682,12774.0,531.0,5801.0,2216.0,3946.0,4420.0,25.0,0
683,8231.0,463.0,2116.0,1032.0,2045.0,2149.0,8.6,0
684,18707.0,725.0,7578.0,2063.0,3665.0,6601.0,23.099999999999998,0
685,2684.0,203.0,773.0,415.0,652.0,749.0,2.4,0
686,4401.0,215.0,2171.0,299.0,1178.0,1852.0,3.9,0
687,32731.0,1024.0,15275.0,1736.0,7704.0,12209.0,89.4,0
688,34526.0,1063.0,15220.0,1878.0,9787.0,12836.0,101.29999999999998,0
689,17983.0,811.0,5519.0,836.0,5108.0,5121.0,39.9,0
690,16475.0,768.0,5886.0,631.0,3069.0,5460.0,21.100000000000005,0
691,44661.0,1253.0,23502.0,4197.0,11034.0,18152.0,140.9,2
692,26422.0,835.0,9905.0,4704.0,6607.0,9068.0,36.1,0
693,14568.0,753.0,3073.0,438.0,2214.0,2225.0,26.3,0
694,8489.0,353.0,4278.0,1534.0,2729.0,3741.0,18.299999999999997,0
695,28367.0,826.0,14400.0,2316.0,5900.0,10234.0,105.2,3
696,3457.0,248.0,1428.0,145.0,1017.0,1019.0,5.3,0
697,6918.0,343.0,2903.0,614.0,1547.0,2480.0,12.7,0
698,3046.0,218.0,891.0,132.0,655.0,717.0,7.199999999999999,0
699,9569.0,325.0,4304.0,850.0,2292.0,3802.0,16.8,0
700,4002.0,257.0,1310.0,466.0,655.0,1119.0,5.1,0
701,29559.0,921.0,15708.0,3125.0,11758.0,13288.0,62.699999999999996,0
702,32962.0,1120.0,14495.0,2342.0,8184.0,10756.0,80.7,0
703,3774.0,270.0,906.0,739.0,638.0,868.0,3.1999999999999997,0
704,19010.0,696.0,6982.0,2193.0,3871.0,5886.0,37.199999999999996,0
705,2132.0,205.0,528.0,65.0,469.0,474.0,2.5,0
706,19671.0,678.0,8887.0,2142.0,6055.0,7504.0,25.4,0
707,11217.0,353.0,3653.0,2991.0,2272.0,3028.0,23.299999999999997,0
708,11008.0,394.0,6413.0,526.0,5227.0,5248.0,28.8,0
709,6012.0,211.0,2681.0,304.0,863.0,2214.0,9.2,0
710,21650.0,915.0,5891.0,1867.0,2996.0,5064.0,56.4,0
711,7010.0,317.0,2919.0,1598.0,2185.0,2490.0,8.3,0
712,6243.0,438.0,2085.0,312.0,1750.0,1774.0,13.3,0
713,14353.0,628.0,5483.0,429.0,4285.0,4291.0,38.199999999999996,0
714,20011.0,620.0,8639.0,4816.0,6694.0,7204.0,49.7,1
715,4182.0,230.0,1472.0,179.0,1283.0,1530.0,2.8,0
716,4269.0,274.0,1653.0,121.0,938.0,1492.0,5.9,0
717,18959.0,730.0,8265.0,1521.0,5231.0,6938.0,35.699999999999996,0
718,17890.0,651.0,8185.0,2333.0,5949.0,6870.0,28.599999999999998,0
719,3208.0,202.0,1483.0,229.0,1119.0,1393.0,1.9,0
720,9104.0,515.0,3286.0,674.0,1379.0,2922.0,13.000000000000002,0
721,11734.0,477.0,3624.0,1295.0,2506.0,3255.0,28.599999999999998,0
722,12236.0,388.0,5360.0,857.0,5042.0,5268.0,8.800000000000002,0
723,8452.0,368.0,3631.0,810.0,2430.0,3265.0,8.2,0
724,11315.0,482.0,3917.0,815.0,2783.0,3133.0,30.2,0
725,7293.0,544.0,2015.0,960.0,1172.0,1980.0,3.8,0
726,7962.0,469.0,2203.0,613.0,1597.0,1604.0,19.200000000000003,0
727,7035.0,230.0,3207.0,279.0,2339.0,2347.0,12.3,0
728,15718.0,620.0,6394.0,865.0,5473.0,5497.0,33.9,0
729,6072.0,474.0,1618.0,491.0,1065.0,1503.0,4.6000000000000005,0
730,15219.0,623.0,6609.0,1083.0,4734.0,4924.0,34.1,0
731,5965.0,249.0,2254.0,554.0,706.0,1853.0,14.099999999999998,0
732,24635.0,693.0,12787.0,1561.0,8467.0,10575.0,44.5,0
733,7268.0,269.0,2484.0,304.0,1476.0,1479.0,30.400000000000002,1
734,22786.0,668.0,15156.0,5293.0,9835.0,12093.0,79.8,6
735,14708.0,556.0,7316.0,505.0,2870.0,5977.0,42.300000000000004,0
736,6502.0,507.0,1319.0,250.0,1124.0,1192.0,12.599999999999998,0
737,13463.0,487.0,4926.0,712.0,3293.0,4249.0,19.3,0
738,5666.0,471.0,1784.0,145.0,1082.0,1083.0,9.9,0
739,27355.0,868.0,14488.0,5539.0,9785.0,11590.0,83.1,1
740,4184.0,200.0,1627.0,298.0,702.0,1451.0,6.100000000000001,0
741,12085.0,594.0,4656.0,632.0,3613.0,3848.0,24.2,0
742,11584.0,519.0,4499.0,605.0,1883.0,3538.0,34.2,0
743,3831.0,235.0,1396.0,174.0,1055.0,1222.0,5.2,0
744,7612.0,445.0,2376.0,252.0,2017.0,2026.0,14.399999999999999,0
745,21646.0,886.0,6814.0,465.0,5381.0,5393.0,51.4,0
746,8689.0,546.0,2752.0,508.0,1739.0,2614.0,6.700000000000001,0
747,8854.0,570.0,3074.0,743.0,1290.0,2734.0,16.000000000000004,0
748,8372.0,506.0,2222.0,220.0,1736.0,1738.0,26.5,0
749,6368.0,303.0,2260.0,430.0,1105.0,1947.0,15.700000000000001,0
750,5580.0,441.0,1872.0,325.0,1011.0,1651.0,13.2,0
751,8909.0,494.0,2692.0,246.0,2420.0,2447.0,17.6,0
752,21798.0,627.0,9638.0,3273.0,5650.0,8002.0,69.39999999999999,4
753,11293.0,354.0,5003.0,829.0,2692.0,3918.0,26.299999999999997,0
754,2275.0,230.0,638.0,50.0,553.0,578.0,2.7,0
755,8991.0,546.0,2759.0,438.0,2251.0,2264.0,11.0,0
756,11382.0,512.0,3958.0,1807.0,2676.0,3725.0,4.6000000000000005,0
757,16809.0,580.0,6900.0,369.0,4865.0,5591.0,51.4,0
758,4750.0,326.0,1547.0,1092.0,939.0,1490.0,3.9000000000000004,0
759,4354.0,235.0,2290.0,137.0,1440.0,1800.0,7.7,0
760,3944.0,258.0,1448.0,585.0,750.0,1265.0,6.7,0
761,15926.0,718.0,5327.0,1007.0,3393.0,4364.0,23.699999999999996,0
762,29447.0,954.0,8293.0,1685.0,3506.0,6718.0,74.60000000000001,0
763,4105.0,202.0,1168.0,639.0,809.0,1071.0,3.0,0
764,6863.0,362.0,2942.0,425.0,1888.0,2688.0,9.6,0
765,34820.0,1017.0,23964.0,2631.0,16315.0,16333.0,152.7,12
766,28154.0,798.0,14709.0,2062.0,10743.0,11251.0,69.60000000000001,0
767,14601.0,667.0,4497.0,2173.0,3715.0,3776.0,25.900000000000006,0
768,16584.0,731.0,5664.0,447.0,4860.0,4891.0,40.099999999999994,0
769,18744.0,668.0,9795.0,1086.0,7106.0,7190.0,53.69999999999999,2
770,37979.0,1105.0,16966.0,2081.0,12082.0,14401.0,120.49999999999999,2
771,5205.0,295.0,1720.0,212.0,766.0,1552.0,6.8999999999999995,0
772,4154.0,253.0,1199.0,125.0,900.0,906.0,8.200000000000001,0
773,4754.0,291.0,1700.0,793.0,1038.0,1573.0,6.300000000000001,0
774,10409.0,402.0,3854.0,1891.0,2695.0,3107.0,17.0,0
775,6852.0,260.0,2411.0,772.0,1250.0,2060.0,7.799999999999999,0
776,5847.0,249.0,1585.0,394.0,784.0,1359.0,8.7,0
777,2996.0,271.0,833.0,97.0,628.0,637.0,4.9,0
778,8183.0,318.0,2988.0,1353.0,2434.0,2643.0,14.0,0
779,13249.0,596.0,4990.0,1033.0,3791.0,4559.0,18.900000000000002,0
780,14144.0,744.0,4573.0,988.0,3789.0,3851.0,26.700000000000003,0
781,3340.0,263.0,1390.0,136.0,1298.0,1311.0,6.000000000000001,0
782,19897.0,574.0,13088.0,3916.0,5266.0,9645.0,84.29999999999998,4
783,2778.0,223.0,925.0,113.0,643.0,810.0,1.6,0
784,25200.0,786.0,12032.0,2401.0,6800.0,10277.0,34.599999999999994,0
785,29815.0,794.0,15270.0,6023.0,9523.0,12414.0,72.7,1
786,18236.0,758.0,5032.0,3057.0,2186.0,4541.0,25.700000000000003,0
787,20973.0,552.0,10188.0,3390.0,6406.0,8077.0,53.400000000000006,0
788,10117.0,567.0,3430.0,865.0,1474.0,2626.0,33.20000000000001,0
789,38069.0,1217.0,17387.0,10335.0,8953.0,12892.0,130.0,7
790,5352.0,428.0,2062.0,124.0,357.0,1631.0,13.9,0
791,19946.0,664.0,9302.0,1702.0,4860.0,7130.0,62.89999999999999,0
792,7371.0,311.0,2343.0,257.0,1662.0,1665.0,19.9,0
793,5993.0,400.0,1817.0,79.0,1312.0,1313.0,10.599999999999998,0
794,10445.0,520.0,4454.0,270.0,3493.0,3520.0,20.899999999999995,0
795,11882.0,429.0,4797.0,2495.0,3784.0,4223.0,16.9,0
796,14170.0,562.0,5280.0,564.0,4374.0,4408.0,36.9,0
797,4410.0,217.0,1696.0,238.0,1519.0,1593.0,3.2,0
798,29203.0,931.0,10589.0,2246.0,7953.0,9403.0,59.30000000000001,0
799,16265.0,472.0,7855.0,3408.0,5757.0,6742.0,57.3,0
800,5551.0,229.0,2429.0,237.0,1649.0,1960.0,14.8,0
801,8444.0,363.0,3432.0,319.0,1477.0,3066.0,14.0,0
802,5816.0,304.0,2407.0,292.0,2171.0,2184.0,11.2,0
803,3592.0,204.0,759.0,78.0,591.0,594.0,6.2,0
804,6275.0,316.0,2819.0,930.0,1440.0,2216.0,7.7,0
805,8933.0,380.0,3538.0,486.0,1795.0,3046.0,18.1,0
806,12146.0,551.0,4568.0,1974.0,2027.0,3495.0,32.8,0
807,16476.0,697.0,4206.0,1046.0,2400.0,3603.0,33.5,0
808,20989.0,691.0,9380.0,999.0,7170.0,8015.0,45.800000000000004,0
809,17860.0,696.0,5132.0,383.0,3889.0,3891.0,43.69999999999999,0
810,3004.0,230.0,1166.0,145.0,1021.0,1027.0,4.2,0
811,6812.0,355.0,2816.0,423.0,1918.0,1932.0,25.2,0
812,47368.0,1392.0,26496.0,4225.0,20166.0,20334.0,206.29999999999998,14
813,22618.0,734.0,10862.0,3972.0,5177.0,9261.0,60.19999999999999,3
814,19299.0,734.0,8571.0,1143.0,4758.0,7149.0,32.3,0
815,6467.0,354.0,2507.0,208.0,1830.0,1864.0,15.200000000000001,0
816,9142.0,307.0,4500.0,496.0,2765.0,3642.0,21.9,0
817,7985.0,328.0,3895.0,453.0,1984.0,3273.0,12.9,0
818,2500.0,225.0,835.0,46.0,748.0,752.0,2.2,0
819,3439.0,223.0,1369.0,121.0,1049.0,1049.0,12.0,0
820,15102.0,483.0,6401.0,1264.0,5130.0,5400.0,32.3,0
821,6017.0,391.0,1940.0,190.0,1454.0,1458.0,9.9,0
822,6333.0,321.0,2522.0,777.0,1232.0,2267.0,10.600000000000001,0
823,18509.0,691.0,8212.0,2633.0,4833.0,6731.0,51.900000000000006,0
824,17782.0,798.0,6551.0,1068.0,4924.0,5356.0,38.8,0
825,17148.0,814.0,4946.0,501.0,4197.0,4270.0,35.699999999999996,0
826,11091.0,519.0,4785.0,970.0,3108.0,4416.0,18.9,0
827,11381.0,606.0,3884.0,244.0,3192.0,3203.0,14.399999999999999,0
828,36205.0,1143.0,18522.0,6634.0,13464.0,14979.0,108.89999999999999,4
829,6280.0,293.0,1802.0,289.0,702.0,1587.0,7.800000000000001,0
830,30031.0,914.0,18155.0,4068.0,12061.0,15197.0,96.99999999999997,7
831,10450.0,507.0,5099.0,452.0,2625.0,4320.0,21.500000000000004,0
832,14196.0,664.0,5074.0,2269.0,3640.0,4378.0,28.9,0
833,4566.0,371.0,1276.0,224.0,1134.0,1192.0,7.800000000000001,0
834,12527.0,599.0,5073.0,488.0,3586.0,4533.0,15.800000000000002,0
835,15968.0,618.0,3694.0,1117.0,3131.0,3425.0,13.900000000000002,0
836,24715.0,828.0,8946.0,1795.0,4323.0,7576.0,51.7,0
837,9714.0,464.0,3251.0,484.0,2447.0,2660.0,23.2,0
838,6619.0,267.0,2832.0,972.0,1739.0,2791.0,5.9,0
839,13381.0,466.0,4378.0,385.0,3338.0,3347.0,34.8,0
840,11280.0,517.0,4637.0,1748.0,2945.0,4278.0,10.6,0
841,18448.0,669.0,7328.0,1005.0,4456.0,5923.0,47.49999999999999,0
842,14912.0,498.0,6668.0,3137.0,3912.0,5137.0,41.7,0
843,7233.0,428.0,2881.0,181.0,2134.0,2156.0,20.2,0
844,6048.0,340.0,2384.0,316.0,1910.0,1916.0,13.799999999999999,0
845,14919.0,459.0,7468.0,2384.0,5368.0,6366.0,23.699999999999996,0
846,9447.0,395.0,2877.0,532.0,2105.0,2690.0,17.2,0
847,14710.0,469.0,4940.0,440.0,3700.0,3706.0,37.00000000000001,0
848,6326.0,241.0,2323.0,359.0,1590.0,2148.0,7.5,0
849,11784.0,502.0,4479.0,1640.0,2721.0,3817.0,18.7,0
850,7254.0,373.0,2837.0,314.0,2382.0,2415.0,11.5,0
851,29372.0,1033.0,9002.0,871.0,5650.0,5660.0,96.7,1
852,4743.0,226.0,1728.0,910.0,1236.0,1438.0,6.699999999999999,0
853,21372.0,831.0,6478.0,721.0,5306.0,5341.0,51.00000000000001,0
854,9411.0,359.0,4335.0,977.0,2074.0,3951.0,6.3999999999999995,0
855,9661.0,291.0,4618.0,1080.0,2816.0,3924.0,13.7,0
856,22851.0,689.0,10619.0,1333.0,8529.0,8703.0,42.50000000000001,2
857,41140.0,1276.0,23549.0,4367.0,14174.0,19357.0,119.9,1
858,4711.0,211.0,1584.0,467.0,971.0,1177.0,10.699999999999998,0
859,11926.0,436.0,4337.0,1355.0,3182.0,3731.0,26.700000000000003,0
860,10820.0,569.0,3778.0,395.0,3229.0,3234.0,14.999999999999998,0
861,23728.0,773.0,9198.0,2775.0,7027.0,7293.0,68.2,0
862,13643.0,625.0,4960.0,845.0,2151.0,4310.0,24.900000000000006,0
863,3726.0,270.0,1118.0,94.0,1056.0,1071.0,5.2,0
864,15111.0,553.0,6646.0,1162.0,3387.0,5789.0,29.7,0
865,18322.0,594.0,8429.0,1396.0,5273.0,6562.0,49.4,0
866,14125.0,536.0,6061.0,1193.0,3023.0,5023.0,30.099999999999998,0
867,10021.0,565.0,2958.0,659.0,1448.0,2701.0,13.5,0
868,9706.0,475.0,3651.0,518.0,1838.0,3336.0,9.399999999999999,0
869,11452.0,497.0,3704.0,561.0,1962.0,3532.0,9.0,0
870,19357.0,592.0,8257.0,1272.0,3312.0,6577.0,42.50000000000001,0
871,20105.0,692.0,8007.0,1195.0,3969.0,6640.0,43.9,0
872,6022.0,284.0,2766.0,554.0,1642.0,2367.0,9.0,0
873,6611.0,360.0,2921.0,1185.0,2220.0,2529.0,6.8999999999999995,0
874,7912.0,419.0,2265.0,303.0,1729.0,1732.0,18.5,0
875,14783.0,731.0,6059.0,1018.0,4188.0,5682.0,13.0,0
876,15388.0,495.0,6953.0,891.0,4094.0,6054.0,23.000000000000004,0
877,15818.0,486.0,9247.0,769.0,6435.0,6445.0,65.99999999999999,5
878,6038.0,272.0,2148.0,192.0,1787.0,2012.0,3.1,0
879,5945.0,206.0,2817.0,666.0,1553.0,2346.0,4.9,0
880,31739.0,1018.0,16906.0,1834.0,13818.0,14327.0,77.69999999999999,1
881,3375.0,229.0,1174.0,153.0,1004.0,1007.0,2.2,0
882,20390.0,961.0,6774.0,1233.0,5076.0,5102.0,47.00000000000001,0
883,22965.0,843.0,10976.0,955.0,8742.0,8842.0,66.4,0
